{
  "dataset": "data\\real_resume_training_dataset.csv",
  "dataset_rows": 2483,
  "model": "TF-IDF + RandomForest baseline; TensorFlow/Keras export available when tensorflow is installed",
  "accuracy": 0.7082,
  "weighted_f1": 0.6866,
  "classification_report": {
    "ACCOUNTANT": {
      "precision": 0.5675675675675675,
      "recall": 0.875,
      "f1-score": 0.6885245901639344,
      "support": 24.0
    },
    "ADVOCATE": {
      "precision": 0.8,
      "recall": 0.5,
      "f1-score": 0.6153846153846154,
      "support": 24.0
    },
    "AGRICULTURE": {
      "precision": 1.0,
      "recall": 0.6153846153846154,
      "f1-score": 0.7619047619047619,
      "support": 13.0
    },
    "APPAREL": {
      "precision": 0.7272727272727273,
      "recall": 0.42105263157894735,
      "f1-score": 0.5333333333333333,
      "support": 19.0
    },
    "ARTS": {
      "precision": 0.5,
      "recall": 0.09523809523809523,
      "f1-score": 0.16,
      "support": 21.0
    },
    "AUTOMOBILE": {
      "precision": 1.0,
      "recall": 0.2857142857142857,
      "f1-score": 0.4444444444444444,
      "support": 7.0
    },
    "AVIATION": {
      "precision": 0.7916666666666666,
      "recall": 0.7916666666666666,
      "f1-score": 0.7916666666666666,
      "support": 24.0
    },
    "BANKING": {
      "precision": 0.8,
      "recall": 0.6956521739130435,
      "f1-score": 0.7441860465116279,
      "support": 23.0
    },
    "BPO": {
      "precision": 0.0,
      "recall": 0.0,
      "f1-score": 0.0,
      "support": 4.0
    },
    "BUSINESS-DEVELOPMENT": {
      "precision": 0.6666666666666666,
      "recall": 0.8333333333333334,
      "f1-score": 0.7407407407407407,
      "support": 24.0
    },
    "CHEF": {
      "precision": 0.7916666666666666,
      "recall": 0.7916666666666666,
      "f1-score": 0.7916666666666666,
      "support": 24.0
    },
    "CONSTRUCTION": {
      "precision": 0.875,
      "recall": 0.9545454545454546,
      "f1-score": 0.9130434782608695,
      "support": 22.0
    },
    "CONSULTANT": {
      "precision": 0.8888888888888888,
      "recall": 0.34782608695652173,
      "f1-score": 0.5,
      "support": 23.0
    },
    "DESIGNER": {
      "precision": 0.8333333333333334,
      "recall": 0.9523809523809523,
      "f1-score": 0.8888888888888888,
      "support": 21.0
    },
    "DIGITAL-MEDIA": {
      "precision": 0.7647058823529411,
      "recall": 0.6842105263157895,
      "f1-score": 0.7222222222222222,
      "support": 19.0
    },
    "ENGINEERING": {
      "precision": 0.782608695652174,
      "recall": 0.75,
      "f1-score": 0.7659574468085106,
      "support": 24.0
    },
    "FINANCE": {
      "precision": 0.6470588235294118,
      "recall": 0.4583333333333333,
      "f1-score": 0.5365853658536586,
      "support": 24.0
    },
    "FITNESS": {
      "precision": 0.8,
      "recall": 0.6956521739130435,
      "f1-score": 0.7441860465116279,
      "support": 23.0
    },
    "HEALTHCARE": {
      "precision": 0.6956521739130435,
      "recall": 0.6956521739130435,
      "f1-score": 0.6956521739130435,
      "support": 23.0
    },
    "HR": {
      "precision": 0.7333333333333333,
      "recall": 1.0,
      "f1-score": 0.8461538461538461,
      "support": 22.0
    },
    "INFORMATION-TECHNOLOGY": {
      "precision": 0.6666666666666666,
      "recall": 1.0,
      "f1-score": 0.8,
      "support": 24.0
    },
    "PUBLIC-RELATIONS": {
      "precision": 0.5862068965517241,
      "recall": 0.7727272727272727,
      "f1-score": 0.6666666666666666,
      "support": 22.0
    },
    "SALES": {
      "precision": 0.59375,
      "recall": 0.8260869565217391,
      "f1-score": 0.6909090909090909,
      "support": 23.0
    },
    "TEACHER": {
      "precision": 0.5263157894736842,
      "recall": 1.0,
      "f1-score": 0.6896551724137931,
      "support": 20.0
    },
    "accuracy": 0.7082494969818913,
    "macro avg": {
      "precision": 0.7099316991056456,
      "recall": 0.6684218082959501,
      "f1-score": 0.6554905110174587,
      "support": 497.0
    },
    "weighted avg": {
      "precision": 0.7227125371353256,
      "recall": 0.7082494969818913,
      "f1-score": 0.6865519113389146,
      "support": 497.0
    }
  }
}